<?xml version="1.0" standalone="yes"?>
<PersistedData moduleName="xgLogger" TerseType="1">
<i>5</i>
	<PointerList>
	<EPersistentDataSet>
		<s>"AlarmLogger_Logger"</s>
		<s>"Logs Alarms to the Enterprise"</s>
		<i>1</i>
		<i>0</i>
		<PointerList>
		</PointerList>
		<PointerList>
		</PointerList>
		<i>1</i>
		<i>0</i>
		<i>1048576</i>
		<i>0</i>
		<i>0</i>
		<s>"Wipro-Sandbox"</s>
	</EPersistentDataSet>
	<EPersistentDataSet>
		<s>"DataLogger_ContractInfo_Logger"</s>
		<s>""</s>
		<i>1</i>
		<i>1</i>
		<PointerList>
			<s>
				<s>"Contract_Information.End_Date"</s>
			</s>
			<s>
				<s>"Contract_Information.Start_Date"</s>
			</s>
			<s>
				<s>"Contract_Information.Type"</s>
			</s>
		</PointerList>
		<PointerList>
		</PointerList>
		<i>1</i>
		<i>0</i>
		<i>1048576</i>
		<i>0</i>
		<i>0</i>
		<s>"Wipro-Sandbox"</s>
	</EPersistentDataSet>
	<EPersistentDataSet>
		<s>"DataLogger_Injector_Logger"</s>
		<s>""</s>
		<i>1</i>
		<i>1</i>
		<PointerList>
			<s>
				<s>"Injector_Properties.CRU_ID"</s>
			</s>
			<s>
				<s>"Injector_Properties.Injector_Software_Version"</s>
			</s>
			<s>
				<s>"Injector_Properties.Injector_Type"</s>
			</s>
			<s>
				<s>"Injector_Properties.Last_Critical_Error"</s>
			</s>
			<s>
				<s>"Injector_Properties.Last_Device_Detection"</s>
			</s>
			<s>
				<s>"Injector_Properties.SRU_ID"</s>
			</s>
		</PointerList>
		<PointerList>
		</PointerList>
		<i>1</i>
		<i>0</i>
		<i>1048576</i>
		<i>0</i>
		<i>0</i>
		<s>"Wipro-Sandbox"</s>
	</EPersistentDataSet>
	<EPersistentDataSet>
		<s>"VirtualCare_Logger_Logger"</s>
		<s>""</s>
		<i>1</i>
		<i>1</i>
		<PointerList>
			<s>
				<s>"VirtualCare.RequestSupportOther"</s>
			</s>
			<s>
				<s>"VirtualCare.RequestSupportTechnical"</s>
			</s>
		</PointerList>
		<PointerList>
		</PointerList>
		<i>1</i>
		<i>0</i>
		<i>1048576</i>
		<i>0</i>
		<i>0</i>
		<s>""</s>
	</EPersistentDataSet>
	<EPersistentDataSet>
		<s>"ConnectivityStatus_Logger_Logger"</s>
		<s>""</s>
		<i>1</i>
		<i>1</i>
		<PointerList>
			<s>
				<s>"ConnectivityStatus"</s>
			</s>
		</PointerList>
		<PointerList>
		</PointerList>
		<i>1</i>
		<i>0</i>
		<i>1048576</i>
		<i>0</i>
		<i>0</i>
		<s>""</s>
	</EPersistentDataSet>
</PointerList>
</PersistedData>